"ListEntry","dataset","end.date","entity","entry.date","name","point","start.date","typology","url","geography","heritage.at.risk","organisation","Name","hyperlink","NGR","Easting","Northing","grade","lat","lon","Grade"
1001731,"heritage-at-risk",NA,7500726,"2024-09-26","Offa's Dyke: Rushock Hill section, extending 1630yds (1490m) east to Kennel Wood","POINT(-3.032993 52.229575)",NA,"geography","https://historicengland.org.uk/advice/heritage-at-risk/search-register/list-entry/37764",NA,NA,NA,"Offa's Dyke: Rushock Hill section, extending 1630yds (1490m) E to Kennel Wood","https://historicengland.org.uk/listing/the-list/list-entry/1001731","SO 29562 59529",329562,259529,NA,52.2294359126987,-3.03272038639519,NA
1001733,"heritage-at-risk",NA,7500390,"2021-12-01","Offa's Dyke: the section 630yds (580m) long west of Lyonshall","POINT(-2.984735 52.198062)",NA,"geography","https://historicengland.org.uk/advice/heritage-at-risk/search-register/list-entry/34594",NA,NA,NA,"Offa's Dyke: the section 630yds (580m) long W of Lyonshall","https://historicengland.org.uk/listing/the-list/list-entry/1001733","SO 32790 55995",332790,255995,NA,52.1980727688308,-2.98476317596531,NA
1001735,"heritage-at-risk",NA,7500391,"2024-09-26","Offa's Dyke: section north west of Holme Marsh extending 615 yards (560 metres) to the railway","POINT(-2.974065 52.189224)",NA,"geography","https://historicengland.org.uk/advice/heritage-at-risk/search-register/list-entry/37756",NA,NA,NA,"Offa's Dyke: section NW of Holme Marsh extending 615yds (560m) to the railway","https://historicengland.org.uk/listing/the-list/list-entry/1001735","SO 33493 55016",333493,255016,NA,52.1893578466299,-2.97428676871494,NA
1001738,"heritage-at-risk",NA,7500727,"2024-09-26","Offa's Dyke: the section extending 950yds (870m) N and S of Big Oaks","POINT(-2.867624 52.083725)",NA,"geography","https://historicengland.org.uk/advice/heritage-at-risk/search-register/list-entry/34587",NA,NA,NA,"Offa's Dyke: the section extending 950yds (870m) N and S of Big Oaks","https://historicengland.org.uk/listing/the-list/list-entry/1001738","SO 40636 43192, SO 40811 42789",340636,243192,NA,52.0838832805788,-2.8677436763986,NA
1001747,"heritage-at-risk",NA,7500728,"2024-09-26","Sutton Walls (camp)","POINT(-2.694551 52.113900)",NA,"geography","https://historicengland.org.uk/advice/heritage-at-risk/search-register/list-entry/35712",NA,NA,NA,"Sutton Walls (camp)","https://historicengland.org.uk/listing/the-list/list-entry/1001747","SO 52520 46404",352520,246404,NA,52.1139081461655,-2.69477840240727,NA
1001758,"heritage-at-risk",NA,7500504,"2024-09-26","Dinedor Camp","POINT(-2.695883 52.023538)",NA,"geography","https://historicengland.org.uk/advice/heritage-at-risk/search-register/list-entry/35701",NA,NA,NA,"Dinedor Camp","https://historicengland.org.uk/listing/the-list/list-entry/1001758","SO 52357 36358",352357,236358,NA,52.0235813269499,-2.6957529409245,NA
1001778,"heritage-at-risk",NA,7500505,"2024-09-26","Motte and bailey, west of St Mary's Church","POINT(-2.961579 51.919567)",NA,"geography","https://historicengland.org.uk/advice/heritage-at-risk/search-register/list-entry/43323",NA,NA,NA,"Motte and bailey, W of St Mary's Church","https://historicengland.org.uk/listing/the-list/list-entry/1001778","SO 33964 24999",333964,224999,NA,51.9195816937558,-2.96158548199207,NA
1001789,"heritage-at-risk",NA,7502103,"2024-09-26","Gilkicker Fort, Fort Road, Gilkicker Point","POINT(-1.140891 50.774004)",NA,"geography","https://historicengland.org.uk/advice/heritage-at-risk/search-register/list-entry/46649",NA,NA,NA,"Gilkicker fort","https://historicengland.org.uk/listing/the-list/list-entry/1001789","SZ 60679 97497",460679,97497,NA,50.7738898125786,-1.14081318554153,NA
1001794,"heritage-at-risk",NA,7500506,"2024-09-26","Andover-Redbridge canal, Chalk Hill Lock, Horsebridge","POINT(-1.506053 51.074787)",NA,"geography","https://historicengland.org.uk/advice/heritage-at-risk/search-register/list-entry/30386",NA,NA,NA,"Andover-Redbridge canal, Chalk Hill Lock, Horsebridge","https://historicengland.org.uk/listing/the-list/list-entry/1001794","SU 34701 30724",434701,130724,NA,51.0747987345637,-1.5060627654243,NA
1001808,"heritage-at-risk",NA,7500507,"2024-09-26","Fort Southwick, Portsdown Hill, Portsmouth","POINT(-1.108698 50.858324)",NA,"geography","https://historicengland.org.uk/advice/heritage-at-risk/search-register/list-entry/48364",NA,NA,NA,"Fort Southwick
See also HAMPSHIRE 500","https://historicengland.org.uk/listing/the-list/list-entry/1001808","SU 62824 06926",462824,106838,NA,50.8576508623299,-1.10879991749887,NA
1001810,"heritage-at-risk",NA,7500508,"2024-09-26","Gunboat Traverser System, Haslar Gunboat Yard","POINT(-1.126400 50.787429)",NA,"geography","https://historicengland.org.uk/advice/heritage-at-risk/search-register/list-entry/27592",NA,NA,NA,"Gunboat Traverser System","https://historicengland.org.uk/listing/the-list/list-entry/1001810","SZ6165998976",461659,98976,NA,50.7870851250304,-1.12666887409536,NA
1001814,"heritage-at-risk",NA,7502104,"2022-12-21","'Banjo type' native settlement","POINT(-1.241109 51.109140)",NA,"geography","https://historicengland.org.uk/advice/heritage-at-risk/search-register/list-entry/27706",NA,NA,NA,"'Banjo type' native settlement","https://historicengland.org.uk/listing/the-list/list-entry/1001814","SU 53223 34701",453223,134701,NA,51.1091418790967,-1.24111967035475,NA
1000124,"heritage-at-risk",NA,7500379,"2024-09-26","Crewe Hall","POINT(-2.399744 53.084148)",NA,"geography","https://historicengland.org.uk/advice/heritage-at-risk/search-register/list-entry/26104",NA,NA,NA,"CREWE HALL","https://historicengland.org.uk/listing/the-list/list-entry/1000124","SJ7337054317",373275,353572,NA,53.0786987456967,-2.40039146076917,"II"
1000129,"heritage-at-risk",NA,7500337,"2024-09-26","Stoke Park","POINT(-2.552928 51.490522)",NA,"geography","https://historicengland.org.uk/advice/heritage-at-risk/search-register/list-entry/26148",NA,NA,NA,"STOKE PARK","https://historicengland.org.uk/listing/the-list/list-entry/1000129","ST 61723 77175",361723,177175,NA,51.4922154359786,-2.55272410750127,"II"
1000137,"heritage-at-risk",NA,7500380,"2024-09-26","Thwaite Hall","POINT(-0.401842 53.780615)",NA,"geography","https://historicengland.org.uk/advice/heritage-at-risk/search-register/list-entry/26152",NA,NA,NA,"THWAITE HALL","https://historicengland.org.uk/listing/the-list/list-entry/1000137","TA 05392 32798",505392,432798,NA,53.7808516468271,-0.402032283920403,"II"
1000155,"heritage-at-risk",NA,7500395,"2024-09-26","Shrubland Hall","POINT(1.103647 52.133384)",NA,"geography","https://historicengland.org.uk/advice/heritage-at-risk/search-register/list-entry/24684",NA,NA,NA,"SHRUBLAND HALL","https://historicengland.org.uk/listing/the-list/list-entry/1000155","TM1181653099",612274,252889,NA,52.1335079247918,1.10019451049204,"I"
1000165,"heritage-at-risk",NA,7500351,"2024-09-26","Bramshill Park","POINT(-0.910021 51.332322)",NA,"geography","https://historicengland.org.uk/advice/heritage-at-risk/search-register/list-entry/24706",NA,NA,NA,"Bramshill Park","https://historicengland.org.uk/listing/the-list/list-entry/1000165","SU7626960141",476801,159656,NA,51.3308237770926,-0.899040425813335,"I"
1000194,"heritage-at-risk",NA,7501977,"2024-09-26","Wanstead Park","POINT(0.032099 51.567394)",NA,"geography","https://historicengland.org.uk/advice/heritage-at-risk/search-register/list-entry/24710",NA,NA,NA,"WANSTEAD PARK","https://historicengland.org.uk/listing/the-list/list-entry/1000194","TQ4104087270",540989,187461,NA,51.5684015546444,0.0328577527522428,"II*"
1000205,"heritage-at-risk",NA,7500396,"2024-09-26","The Royal Pavilion Gardens, Brighton","POINT(-0.137804 50.822766)",NA,"geography","https://historicengland.org.uk/advice/heritage-at-risk/search-register/list-entry/25151",NA,NA,NA,"THE ROYAL PAVILION, BRIGHTON","https://historicengland.org.uk/listing/the-list/list-entry/1000205","TQ 31244 04227",531244,104227,NA,50.8227193147721,-0.138065486832619,"II"
1000215,"heritage-at-risk",NA,7500352,"2024-09-26","Embley Park","POINT(-1.539065 50.984474)",NA,"geography","https://historicengland.org.uk/advice/heritage-at-risk/search-register/list-entry/26117",NA,NA,NA,"EMBLEY PARK","https://historicengland.org.uk/listing/the-list/list-entry/1000215","SU 32390 20704",432390,120710,NA,50.9848884861012,-1.53994005533874,"II"
1000000,"heritage-at-risk",NA,7500659,"2024-09-26","Battle of Adwalton Moor","POINT(-1.675013 53.756361)",NA,"geography","https://historicengland.org.uk/advice/heritage-at-risk/search-register/list-entry/24508",NA,NA,NA,"Battle of Adwalton Moor 1643","https://historicengland.org.uk/listing/the-list/list-entry/1000000","SE2164428855",421360,429026,NA,53.7571605557066,-1.67751079186108,NA
1000003,"heritage-at-risk",NA,7500377,"2024-09-26","Battle of Boroughbridge","POINT(-1.390626 54.098949)",NA,"geography","https://historicengland.org.uk/advice/heritage-at-risk/search-register/list-entry/24509",NA,NA,NA,"Battle of Boroughbridge 1322","https://historicengland.org.uk/listing/the-list/list-entry/1000003","SE 39851 67186",439851,467186,NA,54.0990324637578,-1.39210862568694,NA
1000025,"heritage-at-risk",NA,7500660,"2024-09-26","Battle of Newburn Ford","POINT(-1.745530 54.978350)",NA,"geography","https://historicengland.org.uk/advice/heritage-at-risk/search-register/list-entry/24542",NA,NA,NA,"Battle of Newburn Ford 1640","https://historicengland.org.uk/listing/the-list/list-entry/1000025","NZ 16383 63953",416383,563953,NA,54.9699312703893,-1.74561991663417,NA
1021635,"heritage-at-risk",NA,7501659,"2024-09-26","Courtfield House, Polebarn Road","POINT(-2.202634 51.319415)",NA,"geography","https://historicengland.org.uk/advice/heritage-at-risk/search-register/list-entry/327822",NA,NA,NA,"COURTFIELD HOUSE","https://historicengland.org.uk/listing/the-list/list-entry/1021635","ST 85975 57832",385975,157832,NA,51.3194185932372,-2.20263758792334,"II*"
